{
  "BMI": {
    "shift": 0.0,
    "lambda": -0.7208138562530012
  },
  "Proximal_Margin": {
    "shift": 1.0,
    "lambda": 0.4749770996559602
  },
  "CA199": {
    "shift": 1.0,
    "lambda": -0.05537105997316011
  },
  "CEA": {
    "shift": 1.0,
    "lambda": -0.37491389910255113
  },
  "AFP": {
    "shift": 1.0,
    "lambda": -0.32025552606356444
  },
  "CA125": {
    "shift": 1.0,
    "lambda": 0.3002947021471714
  }
}