{
  "BMI": {
    "mean": 23.42003018957121,
    "std": 9.640016917371417
  },
  "Sex": {
    "mean": 1.217457886676876,
    "std": 0.41251661081573787
  },
  "Age": {
    "mean": 67.29249617151608,
    "std": 12.222110686553494
  },
  "ABO_BT": {
    "mean": 2.1715160796324655,
    "std": 0.9639681571958382
  },
  "RH_BT": {
    "mean": 1.004594180704441,
    "std": 0.0676245089305348
  },
  "Tumor_Location": {
    "mean": 2.6830015313935682,
    "std": 1.02747949607385
  },
  "Tumor_Size": {
    "mean": 7.071424196018377,
    "std": 3.824732597424757
  },
  "Tumor_Size_Mucosal_1-3": {
    "mean": 1.8471669218989282,
    "std": 0.7467615215000895
  },
  "Tumor_Wall_Invasion": {
    "mean": 6.009188361408882,
    "std": 3.2179494840386678
  },
  "Tumor_Type_3A": {
    "mean": 7.01531393568147,
    "std": 2.025808541300964
  },
  "Proximal_Margin": {
    "mean": 48.98376722817764,
    "std": 26.2865289606154
  },
  "Distal_Margin": {
    "mean": 94.46217457886678,
    "std": 59.421269101317385
  },
  "Cell_Type": {
    "mean": 1.4594180704441042,
    "std": 0.5368140644257959
  },
  "CEA": {
    "mean": 10.190082695252679,
    "std": 30.532869367343594
  },
  "CA199": {
    "mean": 78.73519142419602,
    "std": 702.7231453353525
  },
  "Lauren_Class": {
    "mean": 1.8085758039816233,
    "std": 0.7817520428530423
  },
  "AFP": {
    "mean": 16.38800612557427,
    "std": 83.67790395690912
  },
  "CA125": {
    "mean": 13.051963246554363,
    "std": 15.109278181487397
  },
  "BMI_B": {
    "mean": 1.24068978450536,
    "std": 0.018281202077863375
  },
  "Proximal_Margin_B": {
    "mean": 10.784475257883614,
    "std": 3.3756326807091863
  },
  "CA199_B": {
    "mean": 2.3849041092863703,
    "std": 1.2382926065396431
  },
  "CEA_B": {
    "mean": 1.1362287403751914,
    "std": 0.4293309796446635
  },
  "AFP_B": {
    "mean": 1.0577885732833079,
    "std": 0.592418547280032
  },
  "CA125_B": {
    "mean": 3.227049010075038,
    "std": 2.0001344569902217
  }
}